{
  "materials": [
    {
      "item": {
        "type": "forge:partial_nbt",
        "item": "tacz:modern_kinetic_gun",
        "nbt": {
          "GunId": "gz:military_p416"
        }
      },
      "count": 1
    },
    {
      "item": {
        "tag": "forge:feathers"
      },
      "count": 3
    },
    {
      "item": {
        "tag": "forge:dyes/orange"
      },
      "count": 16
    },
    {
      "item": {
        "tag": "forge:dyes/red"
      },
      "count": 16
    },
    {
      "item": {
        "tag": "forge:dusts/redstone"
      },
      "count": 120
    },
    {
      "item": {
        "tag": "forge:ingots/netherite"
      },
      "count": 8
    }
  ],
  "result": {
    "type": "gun",
    "id": "gz:m4_exotic_t1"
  },
  "type": "tacz:gun_smith_table_crafting"
}