{"format_version":"1.8.0","animations":{"static_idle":{"loop":true,"bones":{"righthand":{"rotation":[99.13083,12.94967,-178.84728],"position":[-4.75,-16.45,11.375],"scale":[1,1.5,1]},"lefthand":{"rotation":[109.65024,-28.44535,-146.28441],"position":[7.925,-16.15,-2.6],"scale":[1,1.5,1]},"constraint":{"rotation":[0.25,0.35,0.2],"position":[0.1,0.1,0.1]}}},"shoot":{"animation_length":0.7,"bones":{"root":{"rotation":{"0.0":{"post":[0,0,0],"lerp_mode":"catmullrom"},"0.0333":{"post":[-5.355,0.91406,5],"lerp_mode":"catmullrom"},"0.0667":{"post":[-3.275,0.96,5.82],"lerp_mode":"catmullrom"},"0.1333":{"post":[-3.94,0.89,5.8875],"lerp_mode":"catmullrom"},"0.2333":[-3.105,0.85,4.85],"0.4667":{"pre":[0.63844,-0.46,-0.02844],"post":[0.63844,-0.46,-0.02844],"lerp_mode":"catmullrom"},"0.6333":{"post":[0.125,0,0],"lerp_mode":"catmullrom"},"0.9667":{"post":[0,0,0],"lerp_mode":"catmullrom"}},"position":{"0.0":{"post":[0,0,0],"lerp_mode":"catmullrom"},"0.0333":{"post":[-0.14,0.07,-1.0625],"lerp_mode":"catmullrom"},"0.0667":[-0.14,0.095,2.3125],"0.1333":[-0.09,-0.01,2.3925],"0.3":{"pre":[0,-0.1625,0.02],"post":[0,-0.1625,0.02],"lerp_mode":"catmullrom"},"0.5333":{"post":[0,0,0],"lerp_mode":"catmullrom"}}},"constraint":{"rotation":{"0.0":[0.5,0.5,0.65],"0.4667":[0,0,0]},"position":{"0.0":[0.5,0.5,0.8],"0.4667":[0,0,0]}},"camera":{"rotation":{"0.0":{"post":[0,0,0],"lerp_mode":"catmullrom"},"0.0333":{"post":[0,0,1],"lerp_mode":"catmullrom"},"0.0667":{"post":[0,0,-0.85],"lerp_mode":"catmullrom"},"0.1333":{"post":[0,0,0.55],"lerp_mode":"catmullrom"},"0.2":{"post":[0,0,-0.375],"lerp_mode":"catmullrom"},"0.3333":{"post":[0,0,0.2],"lerp_mode":"catmullrom"},"0.4667":{"post":[0,0,0],"lerp_mode":"catmullrom"}}},"striker":{"position":{"0.0":[0,0,0],"0.0333":[0,0,-0.17187],"0.6667":[0,0,-0.17187],"0.7":[0,0,0]}}}},"reload_tactical":{"animation_length":2.55,"bones":{"root":{"rotation":{"0.0":{"post":[0,0,0],"lerp_mode":"catmullrom"},"0.1":{"post":[-4.01321,-0.61271,2.49979],"lerp_mode":"catmullrom"},"0.2":{"post":[0.30334,-1.27694,-5.97444],"lerp_mode":"catmullrom"},"0.3667":{"post":[-13.185,-4.26,-29.99],"lerp_mode":"catmullrom"},"0.5":[-15.79254,-11.38649,-37.82536],"0.6":[-15.2225,-7.97,-28.14],"0.7667":[-15.415,-11.19,-38.2],"0.9":[-17.57594,-11.63739,-38.07783],"1.1":[-24.295,-11.12,-26.25],"1.3":{"pre":[-24.735,-17.71,-40.3275],"post":[-24.735,-17.71,-40.3275],"lerp_mode":"catmullrom"},"1.5667":{"post":[-22.11,-17.71,-40.3275],"lerp_mode":"catmullrom"},"1.6":{"post":[-17.0325,-11.2525,-32.74],"lerp_mode":"catmullrom"},"1.6667":[-20.125,-12.74,-37.4225],"1.7":[-15.1575,-12.31,-35.57],"1.8":[-12.53,-11.705,-32.9625],"1.9667":{"pre":[2,-1,-1.4625],"post":[2,-1,-1.4625],"lerp_mode":"catmullrom"},"2.1":[4.0275,0.3325,-0.905],"2.2":[1.9375,0,0.7],"2.3":{"pre":[0,0,0],"post":[0,0,0],"lerp_mode":"catmullrom"}},"position":{"0.0":{"post":[0,0,0],"lerp_mode":"catmullrom"},"0.1":{"post":[0.1,0.125,0.1],"lerp_mode":"catmullrom"},"0.2667":{"post":[0.06,-0.66,-0.2],"lerp_mode":"catmullrom"},"0.4":[0.06,1.12,-0.44],"0.6667":[-0.08,1.1275,-0.41],"0.8667":{"pre":[-0.1,1.075,-0.45],"post":[-0.1,1.075,-0.45],"lerp_mode":"catmullrom"},"1.0667":[0.01,0.45,-0.45],"1.2":[-0.32,0.4075,-0.45],"1.3667":[-0.3,1.18,-0.69],"1.5":[-0.43,1.26,-0.54],"1.6667":[-0.44,1.285,-0.54],"1.7":[-0.37,0.97,-0.6],"1.8667":[0.12,-1.16,-0.98],"2.0":[-0.045,-1.175,-1.005],"2.1":{"pre":[-0.04,-0.2,0.05],"post":[-0.04,-0.2,0.05],"lerp_mode":"catmullrom"},"2.2":[0.01,0.125,-0.005],"2.3667":[0,0,0]}},"righthand":{"rotation":[99.13083,12.94967,-178.84728],"position":[-4.75,-16.45,11.375],"scale":[1,1.5,1]},"mag_and_lefthand":{"rotation":{"0.4333":{"pre":[0,0,0],"post":[0,0,0],"lerp_mode":"catmullrom"},"0.5":{"post":[0,0,0],"lerp_mode":"catmullrom"},"0.5333":{"post":[0,0,0],"lerp_mode":"catmullrom"},"0.6":{"post":[0,0,-25],"lerp_mode":"catmullrom"},"0.8":[0,0,-35.5],"0.9667":[0,0,-46],"1.0667":[0,0,-46],"1.1":[0,0,-35.5],"1.2333":[0,0,-25],"1.2667":[2.25,0,-15.71],"1.3":[0,0,-8.33],"1.5667":[0,0,0]},"position":{"0.4333":[0,0,0],"0.5":[0,0,0],"0.5333":[0,-2.3,0],"0.6":[1.7,-9.3,0],"0.8":[3.18,-20.5,0],"0.9667":[4.66,-31.7,0],"1.0667":[4.66,-31.7,0],"1.1":[3.18,-20.5,0],"1.2333":{"pre":[1.7,-9.3,0],"post":[1.7,-9.3,0],"lerp_mode":"catmullrom"},"1.2667":{"post":[0.57,-4.76,0.02],"lerp_mode":"catmullrom"},"1.3":[0.57,-3.1,0],"1.3333":[0.38,-2.03,0],"1.3667":[0.19,-2.07,0],"1.4":[0.19,-1.3825,0],"1.5333":[0.19,-1.3825,0],"1.5667":[0,0,0]}},"lefthand":{"rotation":{"0.0":[109.65024,-28.44535,-146.28441],"0.1":[109.65,-28.45,-146.28],"0.2667":[87.16538,-31.85421,-103.18335],"0.4":[94.94794,-31.02572,-118.26625],"1.1":[94.94794,-31.02572,-118.26625],"1.2":[98.25846,-58.85695,-122.79968],"1.3":[95.61877,-40.98361,-119.40308],"1.6":[94.94794,-31.02572,-118.26625],"1.7667":[83.34776,-39.47233,-114.49811],"1.9":[109.65024,-28.44535,-146.28441]},"position":{"0.0":{"post":[7.925,-16.15,-2.6],"lerp_mode":"catmullrom"},"0.1":{"post":[7.93,-16.15,-2.6],"lerp_mode":"catmullrom"},"0.2667":{"post":[8.67,-20.29,2],"lerp_mode":"catmullrom"},"0.3667":[6.57,-16.85,5.66],"1.6":[6.57,-16.85,5.66],"1.7667":[7.2,-18.52,-0.19],"1.9":[7.925,-16.15,-2.6]},"scale":[1,1.5,1]},"camera":{"rotation":{"0.0":{"post":[0,0,0],"lerp_mode":"catmullrom"},"0.1667":{"post":[1,0.25,-0.5],"lerp_mode":"catmullrom"},"0.2667":{"post":[1,-0.1875,0.5],"lerp_mode":"catmullrom"},"0.3667":{"post":[-1.25,-0.1875,0.625],"lerp_mode":"catmullrom"},"0.5":{"post":[-1.25,0.25,0.5],"lerp_mode":"catmullrom"},"0.6":{"post":[1.25,0.25,-1],"lerp_mode":"catmullrom"},"0.7667":{"post":[0.75,0.25,0],"lerp_mode":"catmullrom"},"0.9":{"post":[1.25,-0.25,0],"lerp_mode":"catmullrom"},"1.0667":{"post":[1.25,-0.25,0],"lerp_mode":"catmullrom"},"1.2":{"post":[1.25,0.25,1],"lerp_mode":"catmullrom"},"1.4":{"post":[1.25,0.25,1],"lerp_mode":"catmullrom"},"1.5":{"post":[0,0,0],"lerp_mode":"catmullrom"},"1.5667":{"post":[1,-0.75,1.25],"lerp_mode":"catmullrom"},"1.6667":{"post":[-0.25,0.25,-0.5],"lerp_mode":"catmullrom"},"1.7667":{"post":[-0.25,0,0.25],"lerp_mode":"catmullrom"},"1.8667":{"post":[1,-0.25,0.25],"lerp_mode":"catmullrom"},"2.0":{"post":[1,-0.25,-0.5],"lerp_mode":"catmullrom"},"2.1":{"post":[-0.5,0,0.25],"lerp_mode":"catmullrom"},"2.2":{"post":[-0.5,0.25,-0.125],"lerp_mode":"catmullrom"},"2.3":{"post":[0.125,0,0],"lerp_mode":"catmullrom"},"2.4":{"post":[0,0,0],"lerp_mode":"catmullrom"},"2.5":{"post":[0,0,0],"lerp_mode":"catmullrom"}}},"constraint":{"rotation":[0.05,0.05,0.1],"position":[0.01,0.02,0.05]}},"sound_effects":{"0.0":{"effect":"tacz:m700/m700_reload_raise"},"0.4667":{"effect":"tacz:m700/m700_reload_magout"},"1.3667":{"effect":"tacz:m700/m700_reload_magin"},"1.8667":{"effect":"tacz:m700/m700_reload_end"}}},"bolt":{"animation_length":1.15,"bones":{"bullet_and_bolt":{"rotation":{"0.15":[0,0,0],"0.2":[0,0,0],"0.25":[0,0,65],"0.35":[0,0,65],"0.45":[0,0,65],"0.55":[0,0,65],"0.65":[0,0,0]},"position":{"0.15":[0,0,0],"0.2":[0,0,0],"0.25":[0,-0.26,0],"0.35":[0,-0.22,0],"0.4":[0,-0.16,3.25],"0.5":[0,-0.16,3.25],"0.55":[0,-0.01,0],"0.65":[0,0,0]}},"root":{"rotation":{"0.0":{"post":[0,0,0],"lerp_mode":"catmullrom"},"0.1":{"post":[0.82,0.18,7.35],"lerp_mode":"catmullrom"},"0.15":{"post":[1.12066,0.24778,14.49999],"lerp_mode":"catmullrom"},"0.25":{"post":[-0.22198,-0.01932,20.8454],"lerp_mode":"catmullrom"},"0.35":[-4.22841,0.48813,23.35575],"0.4":[-6.1725,-1.4,23.5],"0.45":[-4.41978,-0.54502,23.64721],"0.55":[-2.60527,0.57219,23.66647],"0.65":[-0.57,-0.01,23.9775],"0.8":[1.47407,-0.58479,0.40379],"0.9":{"pre":[-0.25,0,-2.0625],"post":[-0.25,0,-2.0625],"lerp_mode":"catmullrom"},"1.0":{"post":[0.03,0.04,1.05],"lerp_mode":"catmullrom"},"1.1":{"post":[0,0,0],"lerp_mode":"catmullrom"}},"position":{"0.0":{"post":[0,0,0],"lerp_mode":"catmullrom"},"0.1":{"post":[0.07,-0.31,0],"lerp_mode":"catmullrom"},"0.2":{"post":[0.21,-1.12,0],"lerp_mode":"catmullrom"},"0.25":{"post":[0.41,-1.1125,-0.2],"lerp_mode":"catmullrom"},"0.35":{"post":[0.09,-1.165,0.45],"lerp_mode":"catmullrom"},"0.55":[0.09,-1.16,0.4025],"0.65":[0.21,-1.0925,-0.13],"0.75":[0.11,-0.3475,-0.725],"0.85":[0.08,-0.11,-0.665],"0.9":{"pre":[0.05,0.065,0.1375],"post":[0.05,0.065,0.1375],"lerp_mode":"catmullrom"},"1.0":{"post":[0,0,0],"lerp_mode":"catmullrom"}}},"righthand":{"rotation":{"0.0":[99.13083,12.94967,-178.84728],"0.15":[112.63674,3.16029,-137.28968],"0.2":[112.64,-1.84,-127.29],"0.25":[114.18636,-12.11759,-122.77082],"0.35":[114.18636,-12.11759,-122.77082],"0.45":[114.19,-12.12,-122.77],"0.55":[114.18636,-12.11759,-122.77082],"0.7":[110.89254,-4.51578,-154.31887],"0.9":[99.13083,12.94967,-178.84728]},"position":{"0.0":[-4.75,-16.45,11.38],"0.15":[-7.81,-15.07,9.68],"0.2":[-7.81,-15.07,9.68],"0.25":[-8.21,-13.25,9.68],"0.35":[-8.21,-13.25,9.68],"0.4":[-8.21,-13.25,12.93],"0.5":[-8.21,-13.25,13.03],"0.55":[-8.21,-13.25,9.68],"0.7":[-7,-16,10],"0.75":[-6.51,-16.26,9.8325],"0.8":{"pre":[-5.45,-16.31,10.1225],"post":[-5.45,-16.31,10.1225],"lerp_mode":"catmullrom"},"0.9":{"post":[-5,-16.325,11.25],"lerp_mode":"catmullrom"},"1.05":[-4.75,-16.45,11.38]},"scale":[1,1.5,1]},"lefthand":{"rotation":[109.65024,-28.44535,-146.28441],"position":[7.925,-16.15,-2.6],"scale":[1,1.5,1]},"bullet_shell":{"rotation":{"0.4":[0,0,0],"0.6":[0,480,0]},"position":{"0.35":[0,0,0],"0.4":[0,0,3],"0.45":[-5.09557,-0.6189,3.02685],"0.5":[-10.4357,-3.13341,3.18538],"0.55":[-15.54144,-7.47007,3.26563],"0.6":[-19.92919,-13.13909,3.16998]},"scale":{"0.4":[1,1,1],"0.55":[1,1,1],"0.6":[0,0,0]}},"camera":{"rotation":{"0.0":{"post":[0,0,0],"lerp_mode":"catmullrom"},"0.15":{"post":[0.5,-0.5,-2],"lerp_mode":"catmullrom"},"0.3":{"post":[2,-0.4375,-0.75],"lerp_mode":"catmullrom"},"0.4":{"post":[1.22,0.14,-1.31],"lerp_mode":"catmullrom"},"0.5":{"post":[1.25,0.1875,-1.25],"lerp_mode":"catmullrom"},"0.65":{"post":[-0.25,-0.1875,0.1875],"lerp_mode":"catmullrom"},"0.85":{"post":[0.3125,0,-0.25],"lerp_mode":"catmullrom"},"0.95":{"post":[0.19,0.01,0.0375],"lerp_mode":"catmullrom"},"1.05":{"post":[0,0,0],"lerp_mode":"catmullrom"}}},"constraint":{"rotation":[0.25,0.5,0.05],"position":[0.1,0.1,0.1]},"striker":{"position":{"0.0":[0,0,-0.17187],"0.45":[0,0,0]}},"bone":{"rotation":{"0.0":[0,0,0],"0.2":[0,0,0],"0.25":[0,0,-65],"0.55":[0,0,-65],"0.65":[0,0,0]}}},"sound_effects":{"0.3":{"effect":"tacz:m700/m700_bolt_out"},"0.4":{"effect":"tacz:m700/m700_bolt_in"},"0.8":{"effect":"tacz:m700/m700_shell_drop"}}},"draw":{"loop":"hold_on_last_frame","animation_length":1,"bones":{"root":{"rotation":{"0.0":{"post":[-103.12,0,0],"lerp_mode":"catmullrom"},"0.1":{"post":[-91.33,-14.34,-0.55],"lerp_mode":"catmullrom"},"0.2":{"post":[-76.6,-14.49,-2.98],"lerp_mode":"catmullrom"},"0.3":{"post":[-49.98,-8.63,-1.82],"lerp_mode":"catmullrom"},"0.5":{"post":[0,0,7.5],"lerp_mode":"catmullrom"},"0.6":{"post":[3.30992,0.49018,-1.87167],"lerp_mode":"catmullrom"},"0.7":{"post":[0.98628,-0.20008,1.69645],"lerp_mode":"catmullrom"},"0.8":{"post":[0,0,-0.4],"lerp_mode":"catmullrom"},"0.9":[0,0,0]},"position":{"0.0":{"post":[-9,-36,2],"lerp_mode":"catmullrom"},"0.1":{"post":[-5.01,-17.52,-3.2],"lerp_mode":"catmullrom"},"0.2":{"post":[-2.9,-11.93,-3.99],"lerp_mode":"catmullrom"},"0.35":{"post":[-0.25,-2.46,-2.03],"lerp_mode":"catmullrom"},"0.5":{"post":[0,-0.6,0.3],"lerp_mode":"catmullrom"},"0.6":{"post":[0,0.03,0.4],"lerp_mode":"catmullrom"},"0.7":{"post":[0,0,-0.2],"lerp_mode":"catmullrom"},"0.8":{"post":[0,-0.1,-0.18],"lerp_mode":"catmullrom"},"0.95":[0,0,0]}},"righthand":{"rotation":[99.13083,12.94967,-178.84728],"position":[-4.75,-16.45,11.375],"scale":[1,1.5,1]},"lefthand":{"rotation":{"0.0":{"post":[51.84827,-2.96502,-68.61852],"lerp_mode":"catmullrom"},"0.15":{"post":[64.31957,-31.45581,-81.70831],"lerp_mode":"catmullrom"},"0.75":[109.65024,-28.44535,-146.28441]},"position":{"0.0":{"post":[6,-15,0.5],"lerp_mode":"catmullrom"},"0.3":{"post":[6.5,-16,-2.5],"lerp_mode":"catmullrom"},"0.75":[7.925,-16.15,-2.6]},"scale":{"0.0":[1,1.5,1],"0.75":[1,1.5,1]}},"camera":{"rotation":{"0.0":{"post":[0,0,0],"lerp_mode":"catmullrom"},"0.1":{"post":[-0.3425,0.59375,0],"lerp_mode":"catmullrom"},"0.2":{"post":[-0.4325,0.38125,-0.5625],"lerp_mode":"catmullrom"},"0.3":{"post":[0.0775,0,-0.21875],"lerp_mode":"catmullrom"},"0.45":{"post":[0.95,-0.25,-0.5625],"lerp_mode":"catmullrom"},"0.65":{"post":[-0.05,-0.2575,-0.3125],"lerp_mode":"catmullrom"},"0.8":{"post":[-0.2525,0.4375,0.25],"lerp_mode":"catmullrom"},"0.95":{"post":[0,0,0],"lerp_mode":"catmullrom"}}}},"sound_effects":{"0.0":{"effect":"spr208_inspect_xmags_up"},"0.45":{"effect":"spr208_raise"}}},"put_away":{"animation_length":0.4333,"bones":{"root":{"rotation":{"0.0":{"post":[0,0,0],"lerp_mode":"catmullrom"},"0.0667":{"post":[-0.51171,-3.6801,-4.19401],"lerp_mode":"catmullrom"},"0.1667":{"post":[4.36882,-11.73179,-10.29382],"lerp_mode":"catmullrom"},"0.2667":{"post":[16.99835,-17.70783,-19.61271],"lerp_mode":"catmullrom"},"0.3333":{"post":[22.5,-27.4,-9.02],"lerp_mode":"catmullrom"},"0.4333":{"post":[38.74,-37.82,-13.36],"lerp_mode":"catmullrom"}},"position":{"0.0":{"post":[0,0,0],"lerp_mode":"catmullrom"},"0.0667":{"post":[-0.45,-0.49,0.28],"lerp_mode":"catmullrom"},"0.1667":{"post":[-0.67,-1.47,0.34],"lerp_mode":"catmullrom"},"0.2667":{"post":[-0.435,-3.245,0.06],"lerp_mode":"catmullrom"},"0.3333":{"post":[0.22,-5.38,-0.15],"lerp_mode":"catmullrom"},"0.4333":{"post":[1.49,-9.585,-0.36],"lerp_mode":"catmullrom"}}},"righthand":{"rotation":[95.0274,5.97708,-179.47516],"position":[-6.95,-17.1,9.825],"scale":[1,1.5,1]},"lefthand":{"rotation":{"0.0":[109.65024,-28.44535,-146.28441],"0.0667":[127.67152,-14.70086,-183.17363],"0.1333":[148.34013,7.13088,-207.53996]},"position":{"0.0":[7.925,-16.15,-2.6],"0.1333":[8.805,-12.2,-4.57]},"scale":[1,1.5,1]},"camera":{"rotation":{"0.0":{"post":[0,0,0],"lerp_mode":"catmullrom"},"0.1":{"post":[0.3,0,-0.125],"lerp_mode":"catmullrom"},"0.2667":{"post":[0.64,0,0.3],"lerp_mode":"catmullrom"},"0.3333":{"post":[0.5,0,0.15],"lerp_mode":"catmullrom"},"0.4333":{"post":[0,0,0],"lerp_mode":"catmullrom"}}}},"sound_effects":{"0.0":{"effect":"tacz:sks/sks_drop"}}},"inspect":{"animation_length":4.65,"bones":{"root":{"rotation":{"0.0":{"post":[0,0,0],"lerp_mode":"catmullrom"},"0.2":{"post":[-15.30902,-2.26482,-10.8535],"lerp_mode":"catmullrom"},"0.3":{"post":[-19.87196,-3.17785,-17.95906],"lerp_mode":"catmullrom"},"0.4":{"post":[-21.02,-3.65,-14.43],"lerp_mode":"catmullrom"},"0.5":{"post":[-22.61825,-4.52968,-16.70733],"lerp_mode":"catmullrom"},"0.65":{"post":[-22.75,-4.41,-17.665],"lerp_mode":"catmullrom"},"0.85":{"post":[-22.62,-4.53,-17.96],"lerp_mode":"catmullrom"},"1.05":{"post":[-21.83419,-7.56045,-25.65573],"lerp_mode":"catmullrom"},"1.25":{"post":[-21.78,-7.76,-26.34],"lerp_mode":"catmullrom"},"1.5":{"post":[-21.78,-7.74,-26.81],"lerp_mode":"catmullrom"},"1.7":{"post":[-21.8,-7.68,-27.385],"lerp_mode":"catmullrom"},"2.0":{"post":[-21.83419,-7.56045,-25.65573],"lerp_mode":"catmullrom"},"2.1":{"post":[-21.83419,-7.56045,-14.65573],"lerp_mode":"catmullrom"},"2.3":{"post":[-24.9445,7.90002,43.15984],"lerp_mode":"catmullrom"},"2.4":{"post":[-24.9445,7.90002,59.65984],"lerp_mode":"catmullrom"},"2.55":{"post":[-24.95,7.88,61.47],"lerp_mode":"catmullrom"},"2.65":{"post":[-24.96,7.86,60.99],"lerp_mode":"catmullrom"},"2.9":{"post":[-25,7.75,61.77],"lerp_mode":"catmullrom"},"3.15":{"post":[-24.9445,7.90002,61.65984],"lerp_mode":"catmullrom"},"3.35":{"post":[-24.22873,9.9815,70.7622],"lerp_mode":"catmullrom"},"3.6":{"post":[-24.16,10.35,71.62],"lerp_mode":"catmullrom"},"3.85":{"post":[-23.86,10.06,70.09],"lerp_mode":"catmullrom"},"4.0":{"post":[-21.22873,8.4815,60.2622],"lerp_mode":"catmullrom"},"4.15":{"post":[-2.67436,-2.84081,26.11685],"lerp_mode":"catmullrom"},"4.3":{"post":[2.37,-2.9,0.4],"lerp_mode":"catmullrom"},"4.4":{"post":[0,0,1.25],"lerp_mode":"catmullrom"},"4.5":{"post":[0,0,0.5],"lerp_mode":"catmullrom"},"4.6":{"post":[0,0,0],"lerp_mode":"catmullrom"}},"position":{"0.0":{"post":[0,0,0],"lerp_mode":"catmullrom"},"0.2":{"post":[0.34,0.6,-1.65],"lerp_mode":"catmullrom"},"0.3":{"post":[0.67385,0.3,-0.8],"lerp_mode":"catmullrom"},"0.45":{"post":[0.67385,0.4,-1],"lerp_mode":"catmullrom"},"2.05":{"post":[0.67385,0.39886,-0.7],"lerp_mode":"catmullrom"},"2.4":{"post":[-1.07086,-0.3546,-1.4],"lerp_mode":"catmullrom"},"3.95":{"post":[-1.07086,-0.3546,-1.4],"lerp_mode":"catmullrom"},"4.3":{"post":[0,-0.425,-0.7],"lerp_mode":"catmullrom"},"4.45":{"post":[0.1,0,0.3],"lerp_mode":"catmullrom"},"4.55":{"post":[0,0,0],"lerp_mode":"catmullrom"}}},"righthand":{"rotation":[99.13083,12.94967,-178.84728],"position":[-4.75,-16.45,11.375],"scale":[1,1.5,1]},"lefthand":{"rotation":{"0.0":[109.65024,-28.44535,-146.28441],"0.25":[64.31957,-31.45581,-81.70831],"0.85":[64.31957,-31.45581,-81.70831],"1.1":[66.88922,-29.60855,-76.30018],"2.0":{"pre":[66.88922,-29.60855,-78.00018],"post":[66.88922,-29.60855,-78.00018],"lerp_mode":"catmullrom"},"2.15":{"post":[66.08922,-29.60855,-88.70018],"lerp_mode":"catmullrom"},"2.35":{"post":[63.4647,-32.23256,-145.95422],"lerp_mode":"catmullrom"},"2.45":[63.0647,-32.23256,-154.75422],"3.9":{"pre":[63.0647,-32.23256,-154.65422],"post":[63.0647,-32.23256,-154.65422],"lerp_mode":"catmullrom"},"4.15":{"post":[74.84965,-28.81342,-134.4397],"lerp_mode":"catmullrom"},"4.5":[109.65024,-28.44535,-146.28441]},"position":{"0.0":[7.925,-16.15,-2.6],"0.15":[7.04,-16.1,-1.45],"0.3":[6.5,-16,3.2],"2.0":[6.5,-16,3.2],"2.2":[7.76918,-16.14188,0.24982],"2.35":[7.78228,-14.61198,-2.01911],"3.85":[7.78228,-14.61198,-2.01911],"4.15":[6.875,-16,-4.2],"4.5":[7.925,-16.15,-2.6]},"scale":{"0.0":[1,1.5,1],"4.5":[1,1.5,1]}},"camera":{"rotation":{"0.0":{"post":[0,0,0],"lerp_mode":"catmullrom"},"0.1":{"post":[0.2525,0,0],"lerp_mode":"catmullrom"},"0.3":{"post":[-1.875,0,0],"lerp_mode":"catmullrom"},"0.7":{"post":[-2.3775,0,0],"lerp_mode":"catmullrom"},"1.05":{"post":[-3.8025,0.9075,0.02],"lerp_mode":"catmullrom"},"2.2":{"post":[-3.25,0.8125,0],"lerp_mode":"catmullrom"},"2.5":{"post":[0,4.3125,-1],"lerp_mode":"catmullrom"},"3.0":{"post":[-0.0175,5,-1.14],"lerp_mode":"catmullrom"},"3.25":{"post":[3.9875,4.97,-1.13],"lerp_mode":"catmullrom"},"4.15":{"post":[4.125,4.3175,-1],"lerp_mode":"catmullrom"},"4.4":{"post":[0.1825,-0.8675,0.0625],"lerp_mode":"catmullrom"},"4.6":{"post":[0,0,0],"lerp_mode":"catmullrom"}}}},"sound_effects":{"0.0":{"effect":"tacz:m700/m700_inspect_up"},"2.0":{"effect":"tacz:m700/m700_inspect_rotate"},"3.05":{"effect":"tacz:m700/m700_reload_empty_rotate"},"3.8":{"effect":"tacz:m700/m700_inspect_end"}}},"inspect_empty":{"animation_length":4.65,"bones":{"root":{"rotation":{"0.0":{"post":[0,0,0],"lerp_mode":"catmullrom"},"0.2":{"post":[-15.30902,-2.26482,-10.8535],"lerp_mode":"catmullrom"},"0.3":{"post":[-19.87196,-3.17785,-17.95906],"lerp_mode":"catmullrom"},"0.4":{"post":[-21.02,-3.65,-14.43],"lerp_mode":"catmullrom"},"0.5":{"post":[-22.61825,-4.52968,-16.70733],"lerp_mode":"catmullrom"},"0.65":{"post":[-22.75,-4.41,-17.665],"lerp_mode":"catmullrom"},"0.85":{"post":[-22.62,-4.53,-17.96],"lerp_mode":"catmullrom"},"1.05":{"post":[-21.83419,-7.56045,-25.65573],"lerp_mode":"catmullrom"},"1.25":{"post":[-21.78,-7.76,-26.34],"lerp_mode":"catmullrom"},"1.5":{"post":[-21.78,-7.74,-26.81],"lerp_mode":"catmullrom"},"1.7":{"post":[-21.8,-7.68,-27.385],"lerp_mode":"catmullrom"},"2.0":{"post":[-21.83419,-7.56045,-25.65573],"lerp_mode":"catmullrom"},"2.1":{"post":[-21.83419,-7.56045,-14.65573],"lerp_mode":"catmullrom"},"2.3":{"post":[-24.9445,7.90002,43.15984],"lerp_mode":"catmullrom"},"2.4":{"post":[-24.9445,7.90002,59.65984],"lerp_mode":"catmullrom"},"2.55":{"post":[-24.95,7.88,61.47],"lerp_mode":"catmullrom"},"2.65":{"post":[-24.96,7.86,60.99],"lerp_mode":"catmullrom"},"2.9":{"post":[-25,7.75,61.77],"lerp_mode":"catmullrom"},"3.15":{"post":[-24.9445,7.90002,61.65984],"lerp_mode":"catmullrom"},"3.35":{"post":[-24.22873,9.9815,70.7622],"lerp_mode":"catmullrom"},"3.6":{"post":[-24.16,10.35,71.62],"lerp_mode":"catmullrom"},"3.85":{"post":[-23.86,10.06,70.09],"lerp_mode":"catmullrom"},"4.0":{"post":[-21.22873,8.4815,60.2622],"lerp_mode":"catmullrom"},"4.15":{"post":[-2.67436,-2.84081,26.11685],"lerp_mode":"catmullrom"},"4.3":{"post":[2.37,-2.9,0.4],"lerp_mode":"catmullrom"},"4.4":{"post":[0,0,1.25],"lerp_mode":"catmullrom"},"4.5":{"post":[0,0,0.5],"lerp_mode":"catmullrom"},"4.6":{"post":[0,0,0],"lerp_mode":"catmullrom"}},"position":{"0.0":{"post":[0,0,0],"lerp_mode":"catmullrom"},"0.2":{"post":[0.34,0.6,-1.65],"lerp_mode":"catmullrom"},"0.3":{"post":[0.67385,0.3,-0.8],"lerp_mode":"catmullrom"},"0.45":{"post":[0.67385,0.4,-1],"lerp_mode":"catmullrom"},"2.05":{"post":[0.67385,0.39886,-0.7],"lerp_mode":"catmullrom"},"2.4":{"post":[-1.07086,-0.3546,-1.4],"lerp_mode":"catmullrom"},"3.95":{"post":[-1.07086,-0.3546,-1.4],"lerp_mode":"catmullrom"},"4.3":{"post":[0,-0.3,-0.7],"lerp_mode":"catmullrom"},"4.45":{"post":[0.1,0,0.3],"lerp_mode":"catmullrom"},"4.55":{"post":[0,0,0],"lerp_mode":"catmullrom"}}},"righthand":{"rotation":[99.13083,12.94967,-178.84728],"position":[-4.75,-16.45,11.375],"scale":[1,1.5,1]},"lefthand":{"rotation":{"0.0":[109.65024,-28.44535,-146.28441],"0.25":[64.31957,-31.45581,-81.70831],"0.85":[64.31957,-31.45581,-81.70831],"1.1":[66.88922,-29.60855,-76.30018],"2.0":{"pre":[66.88922,-29.60855,-78.00018],"post":[66.88922,-29.60855,-78.00018],"lerp_mode":"catmullrom"},"2.15":{"post":[66.08922,-29.60855,-88.70018],"lerp_mode":"catmullrom"},"2.35":{"post":[63.4647,-32.23256,-145.95422],"lerp_mode":"catmullrom"},"2.45":[63.0647,-32.23256,-154.75422],"3.9":{"pre":[63.0647,-32.23256,-154.65422],"post":[63.0647,-32.23256,-154.65422],"lerp_mode":"catmullrom"},"4.15":{"post":[74.84965,-28.81342,-134.4397],"lerp_mode":"catmullrom"},"4.5":[109.65024,-28.44535,-146.28441]},"position":{"0.0":[7.925,-16.15,-2.6],"0.15":[7.04,-16.1,-1.45],"0.3":[6.5,-16,3.2],"2.0":[6.5,-16,3.2],"2.2":[7.76918,-16.14188,0.24982],"2.35":[7.78228,-14.61198,-2.01911],"3.85":[7.78228,-14.61198,-2.01911],"4.15":[6.875,-16,-4.2],"4.5":[7.925,-16.15,-2.6]},"scale":{"0.0":[1,1.5,1],"4.5":[1,1.5,1]}},"camera":{"rotation":{"0.0":{"post":[0,0,0],"lerp_mode":"catmullrom"},"0.1":{"post":[0.2525,0,0],"lerp_mode":"catmullrom"},"0.3":{"post":[-1.875,0,0],"lerp_mode":"catmullrom"},"0.7":{"post":[-2.3775,0,0],"lerp_mode":"catmullrom"},"1.05":{"post":[-3.8025,0.9075,0.02],"lerp_mode":"catmullrom"},"2.2":{"post":[-3.25,0.8125,0],"lerp_mode":"catmullrom"},"2.5":{"post":[0,4.3125,-1],"lerp_mode":"catmullrom"},"3.0":{"post":[-0.0175,5,-1.14],"lerp_mode":"catmullrom"},"3.25":{"post":[3.9875,4.97,-1.13],"lerp_mode":"catmullrom"},"4.15":{"post":[4.125,4.3175,-1],"lerp_mode":"catmullrom"},"4.4":{"post":[0.1825,-0.8675,0.0625],"lerp_mode":"catmullrom"},"4.6":{"post":[0,0,0],"lerp_mode":"catmullrom"}}},"striker":{"position":[0,0,-0.17187]}},"sound_effects":{"0.0":{"effect":"tacz:m700/m700_inspect_up"},"2.0":{"effect":"tacz:m700/m700_inspect_rotate"},"3.05":{"effect":"tacz:m700/m700_reload_empty_rotate"},"3.8":{"effect":"tacz:m700/m700_inspect_end"}}},"static_bolt_caught":{"loop":true,"bones":{"striker":{"position":[0,0,-0.17187]}}},"reload_empty":{"animation_length":3.7,"bones":{"root":{"rotation":{"0.0":{"post":[0,0,0],"lerp_mode":"catmullrom"},"0.05":{"post":[1.12066,0.24778,-0.25001],"lerp_mode":"catmullrom"},"0.15":{"post":[-0.25,0.5,6.76],"lerp_mode":"catmullrom"},"0.25":{"post":[8.75657,0.50323,8.39002],"lerp_mode":"catmullrom"},"0.35":{"post":[12.02159,-2.26187,8.35575],"lerp_mode":"catmullrom"},"0.4":[9.64272,-1.06502,7.16721],"0.5":[10.1308,-1.32505,7.09883],"0.6":{"pre":[10.1308,-1.32505,7.09883],"post":[10.1308,-1.32505,7.09883],"lerp_mode":"catmullrom"},"0.8":{"post":[-10.69666,-1.27694,-5.97444],"lerp_mode":"catmullrom"},"0.95":{"post":[-13.185,-4.26,-29.99],"lerp_mode":"catmullrom"},"1.1":{"post":[-12.98004,-11.38649,-37.82536],"lerp_mode":"catmullrom"},"1.2":{"post":[-12.41,-7.345,-29.5775],"lerp_mode":"catmullrom"},"1.25":{"post":[-11.29,-12.19,-38.2],"lerp_mode":"catmullrom"},"1.45":[-12.01344,-10.63739,-38.07783],"1.7":[-24.42,-10.1825,-32.375],"1.9":{"pre":[-22.11,-17.71,-44.515],"post":[-22.11,-17.71,-44.515],"lerp_mode":"catmullrom"},"2.15":{"post":[-22.11,-17.71,-44.515],"lerp_mode":"catmullrom"},"2.2":{"post":[-25.2825,-5.94,-32.74],"lerp_mode":"catmullrom"},"2.25":{"post":[-19.125,-6.115,-41.61],"lerp_mode":"catmullrom"},"2.4":{"post":[-16.8425,-5.08,-37.15],"lerp_mode":"catmullrom"},"2.55":{"post":[6.41246,-4.88777,12.3152],"lerp_mode":"catmullrom"},"2.65":{"post":[8.17616,-4.70289,12.60821],"lerp_mode":"catmullrom"},"2.75":{"post":[8.17193,-4.52246,11.34712],"lerp_mode":"catmullrom"},"2.8":{"post":[9.37751,-4.89162,15.3814],"lerp_mode":"catmullrom"},"2.9":{"post":[9.21779,-5.03187,12.3418],"lerp_mode":"catmullrom"},"3.05":{"post":[2,-1,-0.275],"lerp_mode":"catmullrom"},"3.2":{"post":[-1.91,-0.48,-0.905],"lerp_mode":"catmullrom"},"3.35":{"post":[1.25,0,0.7],"lerp_mode":"catmullrom"},"3.4":{"post":[0.12,0.03,-0.675],"lerp_mode":"catmullrom"},"3.45":{"post":[0,0,0],"lerp_mode":"catmullrom"}},"position":{"0.0":{"post":[0,0,0],"lerp_mode":"catmullrom"},"0.1":{"post":[-0.18,-0.06,0],"lerp_mode":"catmullrom"},"0.2":{"post":[-0.04,-0.06,-0.75],"lerp_mode":"catmullrom"},"0.25":{"post":[0.16,-0.28,-0.95],"lerp_mode":"catmullrom"},"0.3":{"post":[0.05,-0.69,-0.8],"lerp_mode":"catmullrom"},"0.4":{"post":[-0.16,-0.84,-0.8625],"lerp_mode":"catmullrom"},"0.6":{"post":[0,-0.0625,0.25],"lerp_mode":"catmullrom"},"0.7":{"post":[0.1,-0.25,0.35],"lerp_mode":"catmullrom"},"0.85":{"post":[0.06,-0.16,-0.2],"lerp_mode":"catmullrom"},"1.05":{"post":[0.06,1.12,-0.44],"lerp_mode":"catmullrom"},"1.25":{"post":[-0.08,0.69,-0.41],"lerp_mode":"catmullrom"},"1.45":{"post":[-0.1,1.075,-0.45],"lerp_mode":"catmullrom"},"1.65":{"post":[0.01,0.45,-0.45],"lerp_mode":"catmullrom"},"1.8":{"post":[-0.32,0.97,-0.45],"lerp_mode":"catmullrom"},"1.95":{"post":[-0.3,1.18,-0.69],"lerp_mode":"catmullrom"},"2.1":{"post":[-0.43,1.26,-0.54],"lerp_mode":"catmullrom"},"2.25":{"post":[-0.44,1.285,-0.54],"lerp_mode":"catmullrom"},"2.45":{"post":[0.12,-1.16,-0.98],"lerp_mode":"catmullrom"},"2.6":{"post":[-0.42,-2.1,-1.415],"lerp_mode":"catmullrom"},"2.7":{"post":[-0.42,-2.54,-2.455],"lerp_mode":"catmullrom"},"2.8":{"post":[-0.38,-2.9,-2.7675],"lerp_mode":"catmullrom"},"2.9":{"post":[0,-3.5,-2.8075],"lerp_mode":"catmullrom"},"3.0":{"post":[0,-3.68,-2.1825],"lerp_mode":"catmullrom"},"3.15":{"post":[-0.045,-0.175,-0.8175],"lerp_mode":"catmullrom"},"3.25":{"post":[-0.04,-0.2,0.05],"lerp_mode":"catmullrom"},"3.4":[0.01,0,-0.005],"3.6":[0,0,0]}},"righthand":{"rotation":{"0.0":[99.13083,12.94967,-178.84728],"0.1":[112.63674,3.16029,-137.28968],"0.2":[112.64,3.16,-137.29],"0.25":[114.18636,-12.11759,-122.77082],"0.3":[114.18636,-12.11759,-122.77082],"0.4":[114.19,-12.12,-122.77],"0.5":[114.19,-12.12,-122.77],"0.7":[99.13083,12.94967,-178.84728],"2.25":[99.13,12.95,-178.85],"2.5":[114.19,-12.12,-122.77],"2.55":[114.19,-12.12,-122.77],"2.7":[110.44,-12.12,-122.77],"2.75":[112.8517,-6.18345,-137.82785],"2.8":[113.81695,-3.40893,-156.84237],"2.85":[110.89254,-4.51578,-154.31887],"3.05":[110.89254,-4.51578,-154.31887],"3.25":[99.13083,12.94967,-178.84728]},"position":{"0.0":[-4.75,-16.45,11.375],"0.1":[-7.4975,-15.07,9.68],"0.2":[-7.4975,-15.07,9.68],"0.25":[-7.8975,-13.25,9.68],"0.3":[-7.8975,-13.25,9.68],"0.35":[-7.8975,-13.25,12.93],"0.4":[-7.8975,-13.25,13.03],"0.5":[-7.8975,-13.25,13.03],"0.7":[-5.4375,-16.45,12.375],"2.25":[-5.4375,-16.45,12.38],"2.5":[-8.1375,-12.25,13.39],"2.55":[-8.1375,-12.25,13.39],"2.65":[-8.1375,-12.25,13.45],"2.7":[-8.1375,-12.25,9.73],"2.75":[-8.4775,-12.69,9.73],"2.8":[-8.4775,-14.87,9.73],"2.85":[-8.4775,-14.91,9.73],"3.05":{"pre":[-6.6025,-17.66,12.105],"post":[-6.6025,-17.66,12.105],"lerp_mode":"catmullrom"},"3.15":{"post":[-5,-16.325,11.25],"lerp_mode":"catmullrom"},"3.3":[-4.75,-16.45,11.38]},"scale":[1,1.5,1]},"mag_and_lefthand":{"rotation":{"1.05":[0,0,0],"1.15":[0,0,0],"1.25":[0,0,-25],"1.35":[0,0,-35.5],"1.5":[0,0,-46],"1.7":[2.25,0,-15.71],"1.9":[0,0,-8.33],"2.2":[0,0,0]},"position":{"1.05":[0,0,0],"1.15":[0,-2.3,0],"1.25":[1.7,-9.3,0],"1.4":[3.18,-20.5,0],"1.55":{"pre":[4.66,-31.7,0],"post":[4.66,-31.7,0],"lerp_mode":"catmullrom"},"1.65":{"post":[4.66,-26.95,0],"lerp_mode":"catmullrom"},"1.8":{"post":[1.7,-4.05,0],"lerp_mode":"catmullrom"},"1.85":[0.57,-2.0725,0.02],"1.9":[0.57,-2.1625,0],"1.95":[0.19,-1.695,0],"2.15":[0.19,-1.695,0],"2.2":[0,0,0]}},"lefthand":{"rotation":{"0.6":{"pre":[109.65024,-28.44535,-146.28441],"post":[109.65024,-28.44535,-146.28441],"lerp_mode":"catmullrom"},"0.65":{"post":[109.65,-28.45,-146.28],"lerp_mode":"catmullrom"},"0.8":{"post":[87.16538,-31.85421,-103.18335],"lerp_mode":"catmullrom"},"0.95":{"post":[94.94794,-31.02572,-118.26625],"lerp_mode":"catmullrom"},"1.7":[94.94794,-31.02572,-118.26625],"1.8":[98.25846,-58.85695,-122.79968],"1.9":[95.61877,-40.98361,-119.40308],"2.2":[94.94794,-31.02572,-118.26625],"2.35":[83.34776,-39.47233,-114.49811],"2.5":[109.65024,-28.44535,-146.28441]},"position":{"0.6":{"pre":[7.925,-16.15,-2.6],"post":[7.925,-16.15,-2.6],"lerp_mode":"catmullrom"},"0.7":{"post":[7.93,-16.15,-2.6],"lerp_mode":"catmullrom"},"0.85":{"post":[8.67,-20.29,2],"lerp_mode":"catmullrom"},"0.95":{"post":[6.57,-16.85,5.66],"lerp_mode":"catmullrom"},"2.3":[6.57,-16.85,5.66],"2.4":[7.2,-18.52,-0.19],"2.5":[7.925,-16.15,-2.6]},"scale":[1,1.5,1]},"bullet_and_bolt":{"rotation":{"0.15":[0,0,0],"0.2":[0,0,0],"0.25":[0,0,65],"0.3":[0,0,65],"0.4":[0,0,65],"2.6":[0,0,65],"2.7":[0,0,65],"2.75":[0,0,65],"2.8":[0,0,0],"2.85":[0,0,0]},"position":{"0.15":[0,0,0],"0.2":[0,0,0],"0.25":[0,0,0],"0.3":[0,0,0],"0.35":[0,0,3.25],"0.4":[0,0,3.25],"2.6":[0,-0.16,3.35],"2.65":[0,-0.16,3.25],"2.7":[0,-0.26,0],"2.75":[0,-0.26,0],"2.8":[0,0,0],"2.85":[0,0,0]}},"bullet_shell":{"rotation":{"0.35":[0,0,0],"0.5":[0,360,0]},"position":{"0.3":[0,0,0],"0.35":[0,0,3.25],"0.4":[-5.64604,-1.37828,3.24185],"0.45":[-10.19711,-3.36222,3.11564],"0.5":[-14.57384,-6.80892,2.72388],"0.55":[-17.94043,-11.2725,1.81954]},"scale":{"0.3":[1,1,1],"0.5":[1,1,1],"0.55":[0,0,0]}},"constraint":{"rotation":[0.02,0.02,0.1],"position":{"0.0":[0.02,0,0.15],"3.65":[0.1,0.1,0.1]}},"camera":{"rotation":{"0.0":{"post":[0,0,0],"lerp_mode":"catmullrom"},"0.15":{"post":[2.73,-1.26,-2.24],"lerp_mode":"catmullrom"},"0.3":{"post":[2.44,-1.27,-0.47],"lerp_mode":"catmullrom"},"0.5":{"post":[2.66,-1.28,0.05],"lerp_mode":"catmullrom"},"0.65":{"post":[-1.25,0.25,1.25],"lerp_mode":"catmullrom"},"0.8":{"post":[-1.25,0.25,0],"lerp_mode":"catmullrom"},"0.9":{"post":[-1.25,-0.1875,0.5],"lerp_mode":"catmullrom"},"1.0":{"post":[-1.25,-0.1875,0.625],"lerp_mode":"catmullrom"},"1.15":{"post":[-1.25,0.25,0.5],"lerp_mode":"catmullrom"},"1.25":{"post":[1.25,0.25,-1],"lerp_mode":"catmullrom"},"1.4":{"post":[0.75,0.25,0],"lerp_mode":"catmullrom"},"1.55":{"post":[1.25,-0.25,0],"lerp_mode":"catmullrom"},"1.7":{"post":[1.25,-0.25,0],"lerp_mode":"catmullrom"},"1.85":{"post":[1.25,0.25,1],"lerp_mode":"catmullrom"},"2.05":{"post":[1.25,0.25,1],"lerp_mode":"catmullrom"},"2.15":{"post":[0,0,0],"lerp_mode":"catmullrom"},"2.2":{"post":[1,-0.75,1.25],"lerp_mode":"catmullrom"},"2.3":{"post":[-0.25,0.25,-0.5],"lerp_mode":"catmullrom"},"2.4":{"post":[-0.25,0,0.25],"lerp_mode":"catmullrom"},"2.5":{"post":[1,-0.25,-0.5],"lerp_mode":"catmullrom"},"2.65":{"post":[1.15,-0.28,-0.25],"lerp_mode":"catmullrom"},"2.7":{"post":[2.42,-0.28,-0.89],"lerp_mode":"catmullrom"},"2.8":{"post":[0.68,-0.28,-0.27],"lerp_mode":"catmullrom"},"2.95":{"post":[0.62,-0.28,-0.65],"lerp_mode":"catmullrom"},"3.1":{"post":[2.25,-0.25,-0.5],"lerp_mode":"catmullrom"},"3.25":{"post":[-0.5,0,0.25],"lerp_mode":"catmullrom"},"3.35":{"post":[-0.5,0.25,-0.125],"lerp_mode":"catmullrom"},"3.45":{"post":[0.125,0,0],"lerp_mode":"catmullrom"},"3.55":{"post":[0,0,0],"lerp_mode":"catmullrom"},"3.65":{"post":[0,0,0],"lerp_mode":"catmullrom"}}},"striker":{"position":{"0.0":[0,0,-0.17187],"0.45":[0,0,-0.17187],"0.5":[0,0,0]}},"bone":{"rotation":{"0.2":[0,0,0],"0.25":[0,0,-65],"2.75":[0,0,-65],"2.8":[0,0,0]}}},"sound_effects":{"0.0":{"effect":"tacz:m700/m700_reload_raise"},"0.25":{"effect":"tacz:m700/m700_bolt_out"},"0.6":{"effect":"tacz:m700/m700_shell_drop"},"0.95":{"effect":"tacz:m700/m700_reload_magout"},"1.95":{"effect":"tacz:m700/m700_reload_magin"},"2.45":{"effect":"tacz:m700/m700_bolt_in"},"3.0":{"effect":"tacz:m700/m700_reload_end"}}}}}